account_id;transaction_count
8261;675
3834;665
96;661
2932;655
9307;649
9265;643
5215;637
2762;634
1801;633
866;628
5952;628
2926;620
1006;613
9034;611
2023;610
3050;609
2484;608
655;606
485;605
9188;605
3935;602
1726;602
5313;601
1378;600
3007;600
982;599
10451;598
396;596
1338;592
7819;591
1402;589
1000;584
4079;584
9093;580
6040;580
7857;579
173;572
11013;571
3674;570
3558;569
239;569
2938;569
2838;567
7133;567
3882;566
47;565
3212;565
5622;565
2632;564
1566;564
1978;564
11295;563
3260;563
3424;562
3096;562
9236;561
3818;560
4937;560
1404;559
772;558
1019;557
3909;556
2645;555
1513;553
1276;551
10738;550
8625;549
244;547
9833;547
2676;547
2649;546
3302;545
8475;544
477;543
8564;543
2241;541
1515;540
9203;540
7445;539
2318;536
2050;536
8321;535
1366;534
2486;534
368;533
8073;533
3354;533
8405;532
1891;532
2779;531
362;530
3629;530
9640;530
5442;530
3413;529
1644;528
425;528
8519;527
9337;526
2991;525
8330;525
3948;523
2523;522
1200;520
3113;519
5423;516
3064;512
738;512
854;511
1412;511
588;508
1779;507
686;506
2700;505
196;504
2697;503
555;503
5927;502
7753;500
931;499
11021;499
1603;499
10105;499
793;497
5129;496
71;496
3999;493
2813;493
816;493
11111;492
3714;492
2189;491
3094;491
863;491
897;491
290;491
2068;490
2510;490
1750;490
1762;490
9883;489
2542;489
2219;488
902;488
273;488
2951;487
10364;487
1909;486
2379;485
11265;484
9707;483
1766;483
541;481
280;481
207;481
9656;481
5422;480
2527;480
1949;480
704;479
6701;479
2902;479
1678;479
7401;478
1761;478
4414;478
1813;478
2;478
8982;477
107;476
2124;476
784;476
3745;476
2429;476
3617;475
2482;475
10973;474
10663;473
2694;473
6473;473
2933;473
2555;472
385;472
2176;471
3593;471
494;471
8899;471
2122;470
3980;470
7123;470
10093;470
1565;470
1811;470
3487;469
2471;469
361;468
10670;468
1286;468
2052;467
365;466
1440;466
9869;465
2008;465
5891;464
4907;464
1815;464
1828;464
327;464
2996;464
3035;464
4418;463
358;463
3391;462
6353;462
5270;462
1843;462
2763;462
2770;461
10911;460
2322;460
1695;459
3195;459
8212;459
5991;459
1809;459
3309;459
4259;458
334;458
5428;458
2862;457
10440;457
90;457
9591;457
510;456
773;456
443;455
3649;455
1134;454
9472;454
2216;454
5228;454
5120;453
10266;453
2313;453
1539;452
8566;452
8489;451
3808;451
1544;451
1999;450
3804;450
1534;450
1931;450
7454;449
3513;449
4321;448
1767;448
1926;447
2464;447
441;447
1166;447
2789;447
862;446
2011;446
395;445
2568;445
3261;445
148;445
3551;445
3835;445
885;444
1297;444
426;444
2199;444
1975;443
3850;443
678;443
3609;442
1201;442
8041;442
2170;442
562;441
1449;441
3133;441
657;441
6034;441
1392;441
3367;441
401;441
1485;441
1965;441
10942;441
1605;441
1934;441
10320;441
2705;440
2701;440
8934;440
2479;439
572;439
225;439
3112;439
2037;438
3883;438
3327;438
470;438
1136;438
10079;438
6555;438
160;437
7774;437
947;437
3580;437
4131;436
883;436
2378;435
3675;435
7769;435
3955;435
3222;435
2082;435
5767;434
1453;434
3053;434
163;434
9006;433
9703;433
3017;433
3001;433
7607;433
2494;433
212;432
3697;432
1352;432
8132;432
2799;432
2670;432
83;431
6425;431
7546;431
4448;431
9403;431
3669;430
6636;430
4134;430
3136;430
3521;429
1247;429
1545;429
4743;429
3636;428
1016;428
2146;428
1146;428
10940;428
1536;427
5385;427
3166;427
9041;427
2647;427
627;426
1637;426
2242;426
3554;425
3268;425
8260;425
1861;425
635;425
68;424
1169;424
3786;424
3972;424
437;424
2321;424
3785;423
8173;423
1966;423
8377;423
7231;423
3871;422
2201;422
2962;422
8316;422
2582;422
2881;422
3613;422
8492;422
3747;421
10439;421
2282;421
9583;421
1050;421
1005;420
2419;420
8759;420
2227;420
1039;420
1345;420
2574;419
346;419
2423;419
774;418
5724;417
2534;417
1018;417
2638;417
3091;416
1671;416
411;416
11135;416
3693;416
8051;416
9750;416
2651;416
892;416
6148;416
2393;416
467;415
7815;415
1168;415
4576;415
2581;415
7485;415
4318;415
1780;414
3618;414
7861;414
2501;414
9635;414
3678;414
1132;414
3751;414
535;414
2061;414
3787;413
2824;413
730;413
2302;413
2306;413
8129;413
186;413
861;413
1127;412
1970;412
543;412
1012;412
2167;412
3069;412
2425;411
2818;411
1493;411
3319;411
1944;411
1771;411
2070;410
4894;410
944;410
3157;410
1204;410
86;410
3788;409
1256;409
34;409
6118;408
445;408
3915;408
5256;408
389;408
2245;408
2738;408
4355;408
1610;408
757;408
3497;407
1495;407
3566;407
1332;407
1686;407
4000;407
4337;407
5011;407
2038;407
9814;407
3927;407
3258;406
4476;406
790;406
228;406
7965;406
3039;406
2427;406
2895;406
9828;406
2884;405
2639;405
1699;405
1123;405
100;405
979;404
623;404
2664;404
1189;404
1882;404
928;404
9104;403
1054;403
188;403
1535;403
1397;403
8027;403
11065;403
1292;403
3306;403
1787;403
5481;403
748;403
2673;402
2666;402
3571;402
6715;402
7606;402
3713;402
3213;402
1032;401
2175;401
6226;401
496;401
7190;401
2352;400
3778;400
2470;400
652;400
2345;400
3510;400
697;399
1851;399
1118;399
2330;399
128;399
344;399
10131;399
39;399
322;399
2665;398
2896;398
2641;398
6273;398
977;398
3796;398
3042;398
3612;397
2576;397
1824;397
4415;397
2758;397
2467;397
860;397
2842;397
2876;396
2711;396
3221;396
2880;396
497;396
2179;396
1126;396
3127;395
1425;395
119;395
151;394
2584;394
1207;394
461;394
1837;394
446;394
942;393
340;393
2099;393
1285;393
1411;393
8856;393
1071;393
484;392
930;392
624;392
759;392
8127;392
4774;392
813;392
8411;392
3108;391
717;391
3760;391
6051;391
8957;391
3654;391
279;391
3087;391
415;391
2552;390
991;390
767;390
1475;390
1834;390
3316;389
1701;389
1372;389
10906;389
1527;389
1786;389
408;389
651;388
78;388
1877;388
3869;388
3008;388
3429;388
36;388
456;387
3891;387
4413;387
2732;387
4484;387
2660;387
10227;387
1805;386
6897;386
882;386
1268;386
7523;386
1299;386
2925;385
59;385
190;385
1625;385
886;385
104;385
1442;384
2554;384
3287;384
2213;384
1658;384
2894;384
9030;384
2915;384
3939;384
3026;383
3923;383
31;383
3267;383
3465;383
489;382
67;382
2493;382
5574;382
2707;382
9897;382
289;381
1145;381
6472;381
1153;381
1269;381
890;380
183;380
1197;380
3147;380
3748;380
3402;380
1410;380
1497;380
10656;380
2078;380
2087;380
347;379
35;379
391;379
7136;379
3352;379
3545;379
1507;379
1106;379
2543;378
3259;378
259;378
2541;378
2839;378
172;378
11359;378
50;377
3323;377
1775;377
1887;377
3237;377
3653;377
7418;377
6924;376
2336;376
9790;376
115;376
2417;376
319;376
1337;376
2616;376
2771;376
3419;375
3781;375
1590;375
844;375
2572;375
3289;374
3072;374
2519;374
1322;374
2592;374
2865;374
1079;374
197;374
10788;373
3201;373
3683;373
5065;373
165;372
274;372
1730;372
787;372
1077;372
750;372
4066;372
3246;372
2819;372
5868;372
925;372
4427;372
2435;371
5483;371
374;371
1694;371
1896;371
2867;371
3575;371
1829;370
574;370
2620;370
2841;370
4437;370
7184;370
3505;370
2503;370
23;370
465;370
2861;369
3374;369
300;369
5546;369
1972;369
960;369
2912;369
1164;369
3682;369
3361;369
3704;369
3011;369
747;369
299;368
4416;368
2810;368
4159;368
235;368
11333;368
1959;368
2140;368
3699;368
929;368
29;367
2361;367
1222;367
540;367
2623;367
3284;366
2859;366
4580;366
73;366
1053;366
626;366
2695;366
7844;366
40;366
837;366
3225;366
3364;366
2940;365
4035;365
15;365
4260;365
2802;365
370;365
3283;364
2749;364
3878;364
3168;364
744;364
2628;364
354;364
10904;364
11320;364
10884;363
6281;363
2298;363
1422;363
243;363
3173;363
4240;362
3307;362
559;362
2714;361
3479;361
345;361
2009;361
1373;361
609;361
2220;361
9;361
317;361
817;361
3210;360
1880;360
471;360
1062;360
8931;360
4013;360
2434;360
1120;360
2778;360
1830;360
4377;360
9627;360
3965;359
3775;359
950;359
2987;359
2712;359
4171;359
764;359
400;359
8776;359
1617;358
3822;358
1930;358
5369;358
851;358
4034;358
4511;358
1375;358
1116;358
1979;358
2375;358
1437;358
2511;358
576;358
1217;358
4434;357
1784;357
3820;357
2357;357
2513;357
719;357
2269;357
222;357
1499;357
6930;357
2613;357
287;357
700;357
517;357
62;356
112;356
462;356
3863;356
7011;356
563;356
1468;356
2228;356
5700;355
3570;355
1994;355
7795;355
4296;355
1688;355
4350;354
2293;354
3954;354
2497;354
965;354
1107;354
2985;354
6363;354
3218;354
648;354
2588;354
2155;353
1458;353
428;353
3738;353
5387;353
1621;353
1401;353
907;353
539;353
4352;353
1080;353
3469;353
548;353
4727;353
3466;353
1287;353
6030;353
3371;352
3969;352
2433;352
2739;352
10365;352
27;352
3608;352
26;351
3099;351
1017;351
1604;351
1804;351
2569;351
688;351
3514;351
2618;351
3592;351
1065;350
1680;350
2250;350
5366;350
4195;350
3164;349
1144;349
142;349
2489;349
4055;349
630;349
1575;349
192;349
4347;349
2817;349
3691;349
3600;349
1806;349
1509;349
3181;349
1237;348
2177;348
5372;348
1481;348
1476;348
597;348
1203;348
5740;348
2431;348
1451;348
1635;348
2088;348
2609;347
1822;347
1675;347
1770;347
9377;347
3275;347
943;347
699;347
969;347
9731;346
7957;346
1353;346
1981;346
2974;346
1306;346
1414;346
1874;346
3660;346
1277;345
1477;345
3978;345
306;345
2253;345
2671;345
3047;345
701;344
4596;344
2733;344
1416;344
1664;344
1048;344
11362;344
378;344
33;344
2472;344
1782;343
5541;343
1174;343
2222;343
1831;343
2342;343
2913;343
3032;343
216;343
1731;342
4329;342
3912;342
1518;342
1235;341
2454;341
998;341
2161;341
3651;341
575;341
2557;341
1147;341
2186;340
2504;340
3734;340
3086;340
2736;340
4255;340
8327;339
1937;339
2001;339
1583;339
7824;339
1098;339
1249;339
61;339
8547;339
2072;339
11186;339
435;339
2256;339
2617;338
2585;338
3129;338
3226;337
8558;337
2742;337
3051;337
3405;337
1073;337
1512;337
1552;337
552;337
5092;337
1115;337
153;336
3960;336
1159;336
2687;336
363;336
2849;336
1076;335
3586;335
1511;335
1852;335
2549;335
3718;335
4423;335
1315;335
3687;335
2139;335
126;335
3528;335
4470;335
1496;334
2911;334
2546;334
123;334
922;334
521;334
220;334
2508;334
616;334
2022;334
751;334
3146;333
2151;333
3117;333
7449;333
1919;333
3938;333
5066;333
6806;333
1652;333
423;333
10728;333
2054;333
855;332
1194;332
82;332
1998;332
2137;332
1179;332
1628;332
2458;332
1239;332
377;332
180;331
1990;331
3277;331
8159;331
2411;331
5472;331
841;331
2823;331
1797;331
3063;331
2436;331
504;331
7944;331
545;331
3378;330
381;330
2327;330
1180;330
117;330
1772;330
3837;330
3152;330
1152;330
4514;330
915;330
989;329
3223;329
2335;329
168;329
198;329
2886;328
2002;328
3844;328
1133;328
1234;328
1291;328
1236;328
18;328
5650;327
1273;327
1231;327
4408;327
2972;327
2399;327
1334;327
3646;327
3241;327
3264;327
7765;327
1601;326
1157;326
2768;326
5632;326
2063;326
10018;326
601;326
245;326
4478;326
135;326
2642;325
266;325
4659;325
1630;325
903;325
11138;325
1912;325
3298;325
3567;325
2959;324
1487;324
1382;324
1314;324
5194;324
1305;324
3220;324
397;324
1114;324
2528;324
1193;324
628;324
3068;324
3792;324
2847;324
3936;324
3542;323
1011;323
3134;323
3644;323
519;323
7594;323
2814;323
10411;322
3160;322
4225;322
3650;322
649;322
187;322
1161;322
43;321
3720;321
1844;321
3124;321
978;321
1666;321
5033;321
3253;321
2326;321
4078;321
11042;321
3407;321
956;321
3410;321
3752;320
2239;320
775;320
234;320
3667;320
2110;320
1031;320
3918;320
1705;320
2292;320
3538;320
523;320
3771;319
6856;319
2907;319
1689;319
3847;319
102;319
1879;319
3983;318
3735;318
2457;318
2396;318
1406;318
830;318
2949;317
3076;317
3595;317
3000;317
1588;317
1713;317
4119;317
2496;317
1288;317
1602;317
44;316
3456;316
3435;316
154;316
343;316
4385;316
2163;316
1429;316
66;316
4190;316
1743;316
4093;316
3370;316
2741;315
432;315
3078;315
238;315
3135;315
2428;315
1938;315
2453;315
1892;315
5735;315
3982;314
3805;314
2276;314
3640;314
237;314
3625;314
403;314
1827;313
427;313
1470;313
5628;313
1914;313
1865;313
1773;313
3145;313
3056;313
815;312
711;312
3183;312
404;312
3779;312
3754;312
3440;311
693;311
4276;311
2487;311
2056;311
1128;311
3380;310
1158;310
2809;310
1129;310
1579;310
321;310
22;310
3028;310
3480;310
2490;310
2550;310
4254;310
10036;310
3484;310
3030;310
2834;310
2150;309
721;309
3107;309
2121;309
3142;309
1792;309
741;309
3369;309
3688;309
2132;309
2968;309
498;309
1568;308
419;308
4995;308
1419;308
1947;308
524;308
1105;308
726;307
2363;307
3345;307
3670;307
1835;306
492;306
1069;306
899;306
2218;306
3898;306
1294;306
3701;306
146;305
5118;305
3604;305
3049;305
2798;305
3579;305
3622;305
3868;305
640;305
2410;304
2840;304
10630;304
1684;304
11349;304
1898;304
3756;304
161;304
3981;304
5984;304
2020;304
887;304
629;304
11271;303
2343;303
19;303
3477;303
9052;303
4343;303
2982;303
3855;303
5774;303
1984;303
1925;302
1421;302
1969;302
2958;302
9493;302
2488;302
1952;302
3243;302
1967;302
1225;302
3925;301
5213;301
3535;301
2388;301
3408;301
3372;301
1088;301
4825;301
1826;301
2903;301
3509;301
3552;301
1057;300
3892;300
3489;300
3539;300
3483;300
4287;300
2247;300
3171;300
277;299
2305;299
5072;299
1184;299
5591;299
3656;299
1547;299
992;299
981;299
884;299
3679;299
3684;299
3196;299
1708;299
2970;298
2606;298
2111;298
1317;298
1816;298
3594;298
3478;298
3547;298
5343;298
3759;298
702;298
1875;298
940;297
3995;297
2460;297
3840;297
1820;297
1467;297
8533;296
7181;296
3425;296
743;296
900;296
1918;296
1540;296
1051;296
4245;295
2750;295
1768;295
2123;295
393;295
4264;295
3876;295
7562;295
1592;294
3368;294
2128;294
577;294
4681;294
3548;294
2538;294
3663;294
789;294
2067;294
1413;294
1559;293
518;293
2599;293
638;293
4503;293
56;293
3355;293
2790;293
2980;293
3920;293
1673;292
604;292
1302;292
5126;292
1641;292
2793;292
1902;292
2627;291
5593;291
2367;291
2667;291
2271;291
4009;291
2382;291
10233;291
914;290
2092;290
318;290
1584;289
689;289
201;289
8039;289
1010;289
2751;289
9159;288
1047;288
6738;288
742;288
2424;288
2257;288
3493;288
3464;288
3074;288
1505;288
3717;287
3849;287
1381;287
6400;287
2010;287
1022;287
2315;287
162;286
1856;286
1554;286
2268;286
3310;286
1871;286
10789;286
7894;286
3777;286
808;286
9235;286
3977;286
1627;284
3233;284
10963;284
3623;284
493;284
3628;284
5477;283
6985;283
4473;283
3576;283
857;283
7614;283
2989;283
2377;282
106;282
1052;282
478;282
4463;282
2035;282
542;282
6358;282
30;281
2713;281
1719;281
3536;281
520;281
1042;281
709;281
6609;281
718;281
2260;281
1023;280
3709;280
4543;280
1987;280
3886;280
6289;280
3637;280
3132;279
551;279
3533;279
1331;279
1333;279
974;279
1417;279
2681;279
1360;279
2421;279
3252;279
3216;279
3474;278
1465;278
1227;278
737;278
941;278
1897;278
2267;277
3921;277
3292;277
9192;277
3348;277
4014;277
3229;277
3824;277
3362;276
2928;276
449;276
6511;276
2297;276
9633;276
1653;276
3555;276
2922;276
1803;276
666;276
2333;276
1634;275
4852;275
1862;275
1706;275
2030;275
3184;275
2153;274
25;274
1436;274
176;274
4328;274
2096;274
3997;274
7618;274
97;274
1516;274
2830;274
733;274
127;274
6678;274
7424;274
208;274
3599;273
3737;273
5263;273
1832;273
352;273
390;273
3326;272
2563;272
1561;272
2654;272
3244;272
2960;272
2540;272
908;271
3101;271
4103;271
3903;271
2729;271
2525;271
7203;271
3141;271
901;271
3279;271
553;270
1394;270
4356;270
3321;270
1441;270
1446;270
1940;270
3421;270
4105;270
904;270
786;270
2788;269
2446;269
2781;269
953;269
2062;269
8092;269
3037;269
9422;269
1307;269
4650;269
1254;268
1029;268
3917;268
1327;268
2025;268
2755;268
1778;268
2476;268
1183;268
8381;267
1908;267
4526;267
2154;267
2877;267
5358;267
1646;267
4237;267
9017;267
2044;266
2463;266
1445;266
795;266
1139;266
1802;266
3763;266
3750;266
2401;266
3153;266
3014;265
2259;265
1295;265
2858;265
376;265
3445;265
2456;265
2740;265
3817;264
3230;264
9225;264
6321;264
6397;264
1702;264
1626;264
1848;263
675;263
2600;263
1788;263
3197;263
1570;263
8114;263
9024;263
10065;263
988;263
388;263
3386;262
3710;262
1261;262
1838;261
1124;261
3503;261
856;261
3467;261
4863;261
3235;261
1272;260
158;260
3273;260
10351;260
7859;260
3826;260
2978;260
619;260
3896;260
763;260
3288;259
650;259
3902;259
8169;259
1911;259
985;259
460;258
270;258
7674;258
954;258
2355;258
3621;258
662;258
3492;258
1962;258
2662;257
2414;257
1711;257
1309;257
1205;257
227;257
463;256
206;256
533;256
1371;256
2726;256
11069;256
3841;256
2323;256
6792;256
1046;256
57;255
3250;255
1986;255
1948;255
2237;255
4099;255
219;255
4346;255
1075;255
372;254
839;254
1312;254
5001;254
454;254
544;254
8;254
3167;254
1244;254
2499;254
3926;254
1796;254
3186;254
11382;253
1479;253
3944;253
964;253
3864;253
2723;253
610;253
4999;253
288;253
2536;252
1009;252
2178;252
1472;251
3730;251
807;251
3702;251
3791;251
3838;251
2868;251
3655;251
3865;251
4088;251
2209;251
452;251
230;251
9859;251
716;250
4330;250
538;250
8680;250
10019;250
1151;250
1246;249
506;249
6688;249
9928;249
10711;249
1089;249
1888;249
2680;249
1793;249
2580;249
1399;249
2547;249
596;248
379;248
2856;248
1941;248
1526;248
3330;248
99;248
10001;248
2521;248
3975;247
8972;247
3874;247
754;247
2203;247
3712;247
2353;247
3389;247
1038;247
1097;247
6;246
11079;246
2596;246
3860;246
2747;246
3753;246
939;246
2905;246
120;245
217;245
422;245
4342;245
70;245
10762;245
1714;245
2265;245
3728;245
2195;245
3845;245
1519;245
2254;244
6434;244
820;244
1486;244
710;244
4109;244
2018;244
150;244
2864;243
5742;243
1993;243
1878;243
582;243
1388;243
1093;243
3036;243
2924;243
200;243
1044;242
72;242
1108;241
108;241
2957;241
1825;241
3727;241
141;241
2365;241
1757;241
2773;241
1971;241
654;241
870;240
802;240
3930;240
1252;240
3006;240
3725;239
2551;239
2754;239
3058;239
1;239
973;239
1599;239
1335;239
458;239
1821;238
2919;238
2059;238
474;238
2190;238
9263;238
3458;238
2524;238
1109;238
1989;238
1059;238
1870;237
3336;237
1725;237
4948;237
8896;237
994;237
4283;236
7828;236
3109;236
3827;236
2185;236
1092;235
2384;235
2364;235
2077;235
455;235
10558;235
3648;235
213;235
2663;235
2559;235
9491;235
429;234
3839;234
2986;234
2075;234
1858;234
10215;234
665;234
6910;234
660;233
1749;233
2615;233
776;233
5267;233
3605;233
6463;233
594;233
2159;233
2625;233
501;233
7082;233
2281;233
8085;232
2514;232
4851;232
2633;232
3286;232
2192;232
10063;232
11054;232
355;232
1578;231
3970;231
2608;231
1267;231
5357;231
3457;231
2243;231
560;231
3238;231
3353;230
2310;230
2331;230
1242;230
2811;230
9645;230
3767;230
3587;230
1483;230
9353;230
7487;230
913;230
10049;230
3743;230
3755;230
2307;229
846;229
2944;229
5794;229
1597;229
3296;229
3041;229
2971;228
2430;228
2143;228
1939;228
2767;228
4368;228
2280;228
1633;228
10297;228
1810;228
2328;227
3392;227
231;227
418;227
3914;227
4981;227
1836;227
1112;227
3476;227
2929;226
3462;226
3453;226
3641;226
1529;226
3807;226
3583;226
1228;226
3784;226
4082;226
6453;226
3812;226
2039;226
771;225
1889;225
1423;225
3895;225
3128;225
3045;225
7997;225
2716;225
896;225
522;225
2027;225
3449;225
2148;225
7565;224
6592;224
1905;224
218;224
3940;224
1367;224
2116;224
420;224
2718;224
2206;224
2051;224
1380;224
7099;223
3526;223
4047;223
3947;223
314;223
2553;223
1640;223
2244;223
1020;223
3417;223
728;223
3482;223
3305;223
3038;223
2866;222
2863;222
1456;222
2890;222
2851;222
2390;222
2226;222
10562;222
3254;222
2187;222
781;222
6699;222
1958;221
1030;221
9199;221
1632;221
1248;221
3151;221
1250;221
3507;221
821;221
8158;220
2993;220
1674;220
7542;220
3780;220
3468;220
3806;220
2017;220
3770;220
6083;220
6872;220
2144;220
353;219
1728;219
1344;219
995;219
1763;219
685;219
3265;219
825;218
9242;218
3832;218
1742;218
1955;218
3227;218
3366;218
4161;218
2491;218
81;217
3240;217
95;217
898;217
1420;217
336;217
3272;217
3491;217
2028;217
586;217
1581;216
2530;216
3672;216
3472;216
339;216
1611;216
2923;216
4121;216
1906;216
3758;216
3614;216
3601;216
1642;216
2058;216
2783;215
260;215
4081;215
3269;215
3111;215
2731;215
1257;215
1369;215
2450;215
75;215
990;215
412;215
853;215
893;215
819;214
3764;214
3772;214
804;214
9138;214
2334;214
3270;214
568;214
2803;214
9455;214
7990;214
2301;214
1620;213
676;213
10202;213
1698;213
5269;213
2753;213
625;213
3297;213
2677;213
2853;213
720;213
2119;213
1211;212
5125;212
2516;212
607;212
848;212
131;212
2994;212
3311;212
3390;212
3131;212
3231;212
2648;212
267;211
515;211
3534;211
1142;211
84;211
1357;211
1427;210
4589;210
4969;210
1622;210
1756;210
54;210
2702;210
8268;210
1135;210
366;210
169;210
3881;210
1004;210
554;209
2047;209
3597;209
433;209
1769;209
110;209
2836;209
1886;209
1696;209
468;209
3399;209
2074;208
275;208
248;208
1520;208
359;208
4361;208
2655;208
1580;208
608;208
4293;208
8998;208
10404;208
1904;208
101;208
3810;207
2598;207
1691;207
1655;207
1395;207
1759;207
917;207
1280;207
3357;207
2533;207
500;206
2437;206
3795;206
1760;206
803;206
4994;206
1251;206
9037;206
1901;206
3998;206
4269;206
256;206
1800;206
2003;206
3862;206
1548;206
9201;206
3115;206
1737;206
10445;205
4253;205
874;205
3854;205
875;205
7636;205
473;205
842;205
715;205
155;205
145;204
1160;204
2348;204
7890;204
1963;204
957;204
1961;204
2134;204
2688;204
1104;204
3550;204
1660;203
8742;203
2309;203
285;203
7907;203
1403;203
2341;203
2935;203
1564;203
3247;203
924;202
10520;202
2931;202
5817;202
3638;202
1461;202
9241;202
2383;202
6062;202
1241;202
2889;202
2795;201
3729;201
2101;201
1700;201
331;201
3373;201
3148;201
2043;201
8926;200
1623;200
9494;200
3312;200
4214;200
3084;200
2041;200
2157;200
3089;200
3562;200
3532;200
968;200
3520;200
1758;199
5661;199
332;199
2936;199
1538;199
1741;199
2624;199
2350;199
2916;199
1036;199
490;199
2288;199
4462;199
532;199
10710;199
1298;199
3942;199
2475;199
674;199
3726;198
2474;198
42;198
1690;198
3664;198
2674;198
1058;198
6461;198
6265;198
2835;198
132;198
3170;198
9504;198
1704;198
2577;197
53;197
4794;197
312;197
1471;197
2544;197
3189;196
3799;196
152;196
4320;196
1349;196
3783;196
1791;196
5133;196
69;196
3645;196
746;196
5395;196
1943;196
3858;196
8225;196
3559;196
9513;196
1692;196
4173;196
1396;196
3199;195
3689;195
3203;195
937;195
1614;195
1220;195
2602;195
3993;195
2015;195
558;195
6157;194
2520;194
7733;194
1311;194
4585;194
3890;194
632;194
1196;194
2565;194
3016;194
3584;194
1927;194
976;194
414;193
3673;193
3234;193
3746;193
10478;193
3363;193
3426;193
1528;193
1903;193
3519;193
2346;193
5445;193
1530;193
1936;193
1263;193
2409;192
1083;192
809;192
933;192
1722;192
392;192
8772;192
51;192
3192;192
4456;192
5362;192
2545;192
877;192
2358;192
2906;191
436;191
1624;191
8784;191
894;191
7926;191
1405;191
9826;191
3989;191
10345;191
621;191
2522;191
687;191
2403;191
3973;190
10807;190
241;190
7262;190
3003;190
4258;190
1223;190
9167;190
731;190
3582;190
3280;190
3455;190
3572;189
2246;189
10436;189
9031;189
3952;189
3967;189
2873;189
3437;189
1577;189
3578;189
481;189
2445;189
3384;189
5505;189
2605;189
264;189
3193;189
1326;189
3206;189
646;189
3680;189
3721;189
1170;189
3180;189
1103;189
1649;188
2893;188
2278;188
4660;188
2871;188
2397;188
6686;188
2562;188
3624;188
2652;188
1670;188
525;188
337;188
3251;188
3118;187
3358;187
4447;187
2909;187
1067;187
7240;187
3322;187
4768;187
3591;187
1672;186
6649;186
11;186
1270;186
2033;186
417;186
3677;186
1777;186
4;186
1320;186
3706;186
3485;186
251;186
2263;186
3418;186
210;186
2650;186
840;186
1716;186
631;185
1365;185
5024;185
531;185
4144;185
3088;185
1452;185
486;185
1893;185
1007;185
580;185
2772;185
8523;185
2289;185
1980;185
2106;185
1238;185
1606;185
810;185
2498;185
103;185
3055;184
3317;184
6512;184
8628;184
2727;184
3294;184
1122;184
936;184
4383;184
1819;184
3974;184
9333;183
2635;183
2621;183
762;183
2977;183
1086;183
10694;183
3979;183
3092;183
278;183
3976;183
3446;183
2274;183
9548;182
3530;182
923;182
1111;182
9528;182
487;182
1407;182
1358;182
1859;182
2473;182
2416;182
798;182
1102;182
1543;182
1683;182
615;182
357;181
3733;181
1846;181
2630;181
5602;181
3803;181
3502;181
137;181
2953;181
3228;181
3439;181
11027;181
2821;181
3318;181
65;181
895;181
1682;181
1431;181
6706;180
3486;180
3436;180
1591;180
2232;180
2930;180
959;180
2235;180
10607;180
602;180
1709;180
2699;180
824;180
766;180
2102;180
2764;180
3020;180
3315;180
32;180
2622;179
2506;179
826;179
3659;179
491;178
242;178
116;178
2719;178
739;178
3809;178
3080;178
1867;178
356;178
335;178
1562;178
780;178
9631;177
9549;177
1629;177
3553;177
269;177
3303;177
348;177
1070;177
3422;177
10493;177
3021;177
10905;177
3821;177
2389;177
1916;177
167;177
1274;177
253;177
6495;177
3946;176
294;176
1991;176
1732;176
303;176
633;176
3966;176
2114;176
3696;176
4550;176
338;176
1550;176
2295;176
1510;176
80;176
2287;175
2973;175
3320;175
3694;175
10915;175
4803;175
3349;175
7520;175
1329;175
1323;175
2752;175
2965;175
2418;175
209;175
6902;175
1613;175
3079;175
3338;174
946;174
3219;174
3887;174
286;174
878;174
2686;174
1885;174
3525;174
9153;174
1216;174
695;174
301;174
2593;174
1266;173
1910;173
2914;173
5837;173
3859;173
516;173
3907;173
1932;173
2872;173
11231;173
2833;173
1504;173
1455;173
2870;173
3774;172
5063;172
3248;172
1920;172
2095;172
1383;172
2855;172
1341;172
1206;172
1964;172
1469;172
2255;171
3200;171
603;171
1582;171
2236;171
2032;171
732;171
2774;171
3968;171
7637;171
3793;171
1444;171
1040;171
1037;171
2692;170
2567;170
2904;170
2505;170
2737;170
479;170
1045;170
2026;170
2441;170
3631;170
11244;170
3301;170
3178;169
7745;169
181;169
1482;169
1094;169
268;169
1464;169
1869;169
725;169
3899;169
1607;169
3351;169
1212;169
3191;169
3931;169
291;169
6927;169
1957;169
2105;168
2988;168
2967;168
2570;168
1973;168
1328;168
514;168
3090;168
2483;168
1384;168
2395;168
7966;168
5726;168
1289;168
2214;168
8038;168
1463;167
257;167
2990;167
557;167
2710;167
3531;167
4033;167
2844;167
4626;167
658;167
2233;167
9510;167
1977;167
2112;167
2720;167
3848;167
3061;167
949;167
3116;167
3162;167
1922;167
1376;167
865;166
3971;166
1137;166
1002;166
1374;166
297;166
1945;166
10954;166
302;166
2104;166
1426;165
2548;165
444;165
1066;165
1715;165
2344;165
3434;165
296;165
1744;165
2734;165
749;165
1233;165
2359;165
1997;165
3815;165
3626;164
409;164
1219;164
3205;164
2004;164
194;164
2374;164
1271;164
6510;164
836;164
2887;164
3569;164
3397;164
2223;164
1113;164
3518;164
3329;164
8320;163
10645;163
2591;163
2780;163
1996;163
76;163
1847;163
2225;163
373;163
3937;163
1900;163
184;163
10220;163
986;163
3776;163
2207;163
984;163
3249;162
2262;162
2888;162
416;162
858;162
911;162
3442;162
565;162
2535;162
8688;162
1480;162
971;162
3769;162
3956;162
1003;162
3130;162
4439;162
791;162
2108;162
526;162
618;161
2240;161
7632;161
2360;161
1439;161
1913;161
8094;161
3451;161
3590;161
9677;161
2976;161
1733;161
6950;161
578;161
3179;161
263;161
3143;161
1558;161
2725;160
3568;160
3498;160
2804;160
1490;160
955;160
3114;160
1450;160
10361;160
1014;160
2659;160
2230;160
1917;160
2131;160
3337;160
617;160
692;160
2191;160
1612;160
2961;160
2212;160
2086;160
204;159
503;159
1265;159
3066;159
3015;159
2016;159
921;159
987;159
472;159
3359;159
2407;159
3928;159
1895;159
3723;159
595;159
3394;159
3155;158
2537;158
2034;158
3144;158
10857;158
2509;158
1363;158
382;158
3239;158
2432;158
3800;158
10257;158
431;158
329;158
3495;158
1121;158
3872;158
2117;158
3647;158
3278;158
2590;158
1310;158
1068;158
1508;157
2792;157
812;157
2825;157
9730;157
3432;157
2709;157
10148;157
2950;157
2012;157
3994;157
4537;157
4010;157
1259;157
399;157
2708;157
814;156
1100;156
683;156
734;156
3522;156
5429;156
3565;156
4488;156
3071;156
10;156
1739;156
2885;156
2046;156
1542;155
1293;155
4186;155
1654;155
3293;155
249;155
3596;155
11317;155
2812;155
916;155
3589;154
406;154
2619;154
3789;154
549;154
3121;154
2465;154
3736;154
405;154
3943;154
439;154
2469;154
567;154
5181;154
324;154
4424;154
255;154
4071;154
1781;154
4949;154
3708;154
691;154
3933;153
3932;153
3957;153
4746;153
2076;153
2325;153
2837;153
171;153
4715;153
2730;153
958;153
2040;153
1258;153
1679;153
5912;153
2319;152
5317;152
656;152
3880;152
11141;152
753;152
3059;152
3661;152
2934;152
136;152
1324;152
2107;152
1330;152
3602;152
1141;151
3741;151
4405;151
4442;151
2689;151
9179;151
48;151
5692;151
827;151
1188;151
905;150
1325;150
2640;150
659;150
2398;150
690;150
2085;150
2631;150
3585;150
1390;150
3924;150
55;150
873;150
1117;150
125;150
4086;150
1521;149
1576;149
2420;149
3825;149
2065;149
5305;149
265;149
11096;149
10652;149
2724;149
712;149
11325;149
7713;149
7176;149
4618;149
3782;149
1500;148
3027;148
891;148
283;148
2386;148
3802;148
1532;148
3765;148
997;148
1304;148
1187;148
599;148
1078;148
1213;148
10134;148
1074;148
3409;148
1752;148
2526;148
2653;148
980;147
847;147
2921;147
440;147
2917;147
3308;147
2084;147
2279;147
1210;147
951;147
1754;147
375;147
3459;146
1954;146
3149;146
2156;146
3893;146
3431;146
3285;146
1350;146
3009;146
2604;146
590;146
1484;146
11328;146
1275;146
3749;146
3427;146
11123;146
2947;145
3894;145
2164;145
3448;145
2966;145
871;145
1663;145
3138;145
281;145
2675;145
3224;145
6440;145
2408;145
4092;145
1478;145
2611;145
3811;145
2066;145
10280;145
1090;144
1316;144
1190;144
9208;144
2746;144
2759;144
10068;144
2805;144
2945;144
2946;144
52;144
2286;144
569;144
9051;144
3339;144
261;144
1656;144
3471;144
447;144
1571;144
170;144
3563;144
4026;144
669;144
1173;144
1863;143
3161;143
9646;143
2578;143
1935;143
4354;143
3098;143
1192;143
1087;143
3256;143
1586;143
2561;143
3335;143
3633;143
3801;143
3606;143
1685;143
93;143
1645;142
637;142
4127;142
313;142
271;142
698;142
2439;142
4375;142
963;142
1541;142
7045;142
333;142
832;142
8919;141
1473;141
4268;141
311;141
1560;141
3913;141
3126;141
788;141
189;141
1503;141
320;141
3004;141
1594;140
2406;140
3511;140
2808;140
450;140
88;140
1812;140
3546;140
920;140
2757;140
962;140
360;140
2234;140
2252;140
4273;140
8149;140
24;140
3120;140
7101;140
2205;140
2329;139
2294;139
2332;139
1765;139
1095;139
3350;139
3344;139
221;139
1408;139
7033;139
2400;139
3019;139
508;139
293;139
3204;139
3731;139
507;139
1525;139
593;139
3282;139
8341;138
2983;138
1351;138
4389;138
584;138
1609;138
513;138
3588;138
2603;138
413;138
5250;138
3242;137
1013;137
843;137
2826;137
684;137
1260;137
3615;137
4438;137
58;137
2999;137
536;137
932;137
2347;137
4052;137
3067;137
561;137
1549;136
113;136
351;136
849;136
3499;136
2083;136
2160;135
1435;135
1751;135
8505;135
8153;135
706;135
2515;135
3676;135
9140;135
4858;134
2898;134
1894;134
3024;134
4480;134
1669;134
2048;134
694;134
2717;134
2517;134
612;134
2303;134
2291;134
5758;134
2589;134
2210;133
4631;133
1618;133
272;133
972;133
2532;133
1301;133
10022;133
434;133
1082;133
10243;133
4358;133
3877;133
3331;132
1774;132
2794;132
2629;132
1853;132
2045;132
1817;132
592;132
1498;132
3450;132
3217;132
2869;131
1008;131
8713;131
622;131
1501;131
11053;131
1155;131
371;131
1391;131
2147;131
2060;130
2005;130
2597;130
7;130
1738;130
1745;130
1907;130
534;130
2285;130
797;130
1924;130
5196;130
38;130
330;130
3376;130
3387;130
2760;130
3412;130
2387;130
37;130
2304;130
7437;130
5290;130
3377;130
63;129
2275;129
2376;129
779;129
2057;129
2166;129
1667;129
3430;129
4349;129
1677;129
226;129
2646;129
880;129
2193;129
2103;129
3093;129
3190;129
2229;128
2743;128
2466;128
1799;128
2064;128
2000;128
2080;128
918;128
3543;128
2094;128
2149;128
3018;128
9424;128
6075;128
3819;128
888;128
1976;128
2372;128
3504;127
4379;127
2507;127
3508;127
1517;127
3953;127
3403;127
3527;127
1447;127
1195;127
729;127
1199;127
530;127
760;127
1985;127
1988;127
3137;126
4263;126
571;126
3411;126
2637;126
2963;126
1389;126
6061;126
2113;126
2816;126
223;126
4588;126
325;126
1854;126
3494;126
2266;125
8645;125
1598;125
1336;125
3515;125
2314;125
1063;125
3681;125
505;125
1035;125
3549;125
822;125
1226;125
1370;125
1368;125
1361;125
4616;124
613;124
2091;124
3884;124
14;124
2165;124
2339;124
3861;124
3182;124
1154;124
3304;124
2981;124
2614;124
3454;124
4003;123
1253;123
833;123
3290;123
2126;123
3347;123
1393;123
570;123
805;123
1681;123
512;123
872;123
3540;123
2854;123
1546;123
193;123
1556;123
752;122
3040;122
1488;122
3905;122
3232;122
1377;122
224;122
3990;122
4493;122
2349;122
144;122
174;121
2761;121
3988;121
1221;121
2130;121
1218;121
3941;121
3904;121
828;121
2381;121
3443;121
2290;121
3163;121
770;121
2571;121
3991;120
1794;120
1593;120
350;120
10644;120
679;120
926;120
2857;120
480;120
2594;120
1359;120
3908;120
1125;120
3581;119
1928;119
2531;119
3794;119
1418;119
2657;119
166;119
4533;119
664;119
1619;119
2258;119
4150;119
424;119
4266;119
179;119
1785;119
1647;118
3271;118
2801;118
1600;118
3658;118
3564;118
2373;118
3856;118
2955;117
2194;117
859;117
3119;117
3;117
598;117
1823;117
714;117
3506;117
2380;116
975;116
1264;116
10679;116
9484;116
3140;116
1734;116
2405;116
1951;116
2882;116
919;116
2661;116
20;116
3843;116
9673;116
2468;116
2583;115
967;115
3851;115
3517;115
765;115
3695;115
2656;115
342;115
3635;115
2502;115
1712;115
6138;115
1214;115
831;115
3291;115
2089;115
3044;115
850;115
5878;115
410;115
1474;115
1899;115
3125;114
3557;114
3110;114
195;114
3175;114
7559;114
10812;114
4069;114
2575;114
3460;114
1855;114
3158;114
143;114
282;113
2891;113
3393;113
3029;113
4454;113
1492;113
2071;113
3986;113
3537;113
3188;113
4467;113
713;113
2586;113
2610;113
109;113
3556;113
133;113
2385;113
10343;112
2316;112
2024;112
305;112
304;112
1616;112
605;112
3830;112
806;112
1915;112
159;112
5944;112
3690;112
2875;112
1296;112
2899;112
4753;112
2169;111
7180;111
316;111
1553;111
3452;111
927;111
2607;111
1631;111
2954;111
2264;111
1321;111
3870;111
4725;111
407;111
1308;111
600;111
6158;111
1176;111
511;110
1638;110
2415;110
2908;110
3620;110
1034;110
2782;110
122;110
1567;110
453;110
2766;110
2800;110
3236;109
3010;109
3766;109
3959;109
3438;109
2477;109
1636;109
2897;109
3577;109
3757;109
1953;109
4336;109
1178;109
252;109
1555;109
2807;109
6922;108
537;108
1096;108
3897;108
2827;108
2118;108
1557;108
2115;108
785;108
2042;108
85;108
8026;108
309;108
2685;108
3022;107
2184;107
3632;107
349;107
6064;107
3652;107
1262;107
3122;107
2728;107
3104;107
3346;107
1356;107
2141;107
3266;107
2299;107
1460;106
12;106
1697;106
1181;106
2337;106
581;106
191;106
4059;106
341;106
1385;106
3560;106
829;106
98;106
4091;105
647;105
993;105
3077;105
2354;105
1860;105
1091;105
1982;105
2636;105
589;105
3202;105
1659;105
2013;105
199;105
2843;105
1587;105
2539;105
1230;105
1707;105
1342;105
645;105
3574;105
3185;105
1347;105
1346;105
2745;104
240;104
3700;104
2019;104
79;104
77;104
5164;104
7052;104
2455;104
2451;104
792;104
2901;104
323;104
2069;104
740;104
910;104
1255;104
2952;104
10774;104
114;103
1021;103
2690;103
3375;103
1776;103
130;103
2691;103
935;103
8639;103
1081;103
6097;103
2135;102
2362;102
2090;102
2480;102
3961;102
2007;102
3154;102
1165;102
3984;102
1491;102
3541;102
1840;102
2158;102
451;102
546;102
3085;102
3639;102
1313;102
1956;102
3100;101
1808;101
2560;101
2356;101
3711;101
2394;101
3379;101
1459;101
3005;101
2672;101
1502;101
1055;101
3634;101
5648;101
1424;101
1884;100
9227;100
1841;100
1198;100
4286;100
2797;100
3043;100
2668;100
2964;100
250;99
1182;99
3194;99
2404;99
1215;99
2173;99
5698;99
10152;99
2055;99
528;99
3343;99
2127;99
4471;99
6602;99
868;99
4208;99
3012;99
2366;99
1724;99
367;99
3719;98
139;98
2500;98
722;98
2443;98
1921;98
3470;98
1551;98
2860;98
1933;97
2224;97
1648;97
1693;97
3768;97
7721;97
2324;97
641;97
2612;97
2448;97
2696;97
3332;97
185;96
3031;96
1589;96
2261;96
1524;96
3262;96
1746;96
3176;96
682;96
3172;95
2081;95
3544;95
1736;95
801;95
1818;95
3208;95
2564;95
3790;95
1929;95
3046;95
5572;94
10650;94
7465;94
2369;94
3823;94
1723;94
4156;94
3916;94
3255;94
4116;94
3910;94
1790;94
3906;94
3463;94
292;93
5283;93
157;93
4729;93
3964;93
3889;93
1149;93
2956;93
1514;93
2831;93
49;93
3083;93
1668;93
970;93
2447;93
364;93
3060;93
3798;93
761;93
1876;92
945;92
3398;92
2874;92
3383;92
794;92
121;92
4519;92
1281;92
2806;92
2937;91
2992;91
1857;91
3739;91
2142;91
3813;91
284;91
3797;91
3773;91
1110;91
1284;91
705;90
3867;90
3381;90
811;90
3885;90
1319;90
1950;90
214;90
1651;90
1130;90
2204;90
2197;90
402;89
3496;89
1839;89
768;89
614;89
1662;89
2138;89
1710;89
1890;89
573;89
229;89
3996;89
3703;88
384;88
566;88
3963;88
1881;88
1665;88
4475;88
1845;88
2721;88
3328;88
2109;88
2182;88
1015;88
9560;88
2644;88
2270;88
1432;87
680;87
2492;87
3516;87
7156;87
1740;87
912;87
386;87
2006;87
1340;87
2678;87
3300;87
7274;87
1024;87
3732;86
529;86
834;86
864;86
3097;86
1026;86
4458;86
211;86
556;85
4527;85
326;85
2910;85
1687;85
3833;85
3949;85
469;85
1185;85
1872;85
1355;85
2829;84
1764;84
3662;84
4001;84
3070;84
5;84
3057;84
4784;84
867;83
10799;83
3245;83
2998;83
1795;83
464;83
1727;83
1718;83
4301;83
636;83
1585;83
9433;83
2073;83
2340;83
755;83
1362;83
2997;83
2744;82
3950;82
2883;82
3742;82
3075;82
2162;82
3214;82
3842;82
3692;82
3705;82
2351;81
3428;81
3211;81
2845;81
2444;81
442;80
2097;80
1348;80
2566;80
2878;80
2183;80
2942;80
1085;80
2338;80
5870;80
3299;80
258;80
2684;79
1522;79
879;79
328;79
91;79
3524;79
3846;79
777;79
1056;79
1027;78
2587;78
4128;78
1043;78
3529;78
996;78
509;78
3951;78
3106;78
1438;78
475;78
2317;77
2715;77
3324;77
3433;77
10613;77
2796;77
1729;77
2196;77
3836;77
782;77
2208;77
2093;77
3987;77
2939;76
2995;76
7049;76
178;76
1537;76
2413;76
1354;76
1798;76
430;75
3274;75
307;75
11327;75
1523;75
13;75
383;75
606;75
653;75
2125;75
4445;75
3901;75
6866;75
4158;74
5180;74
1243;74
2231;74
3444;74
1574;74
4130;74
1208;74
1946;74
2200;74
1789;74
2442;73
1443;73
1783;73
1995;73
1866;73
2679;73
1434;73
118;73
10005;73
3875;73
2079;72
2036;72
2370;72
9156;72
823;72
1240;71
547;71
1747;71
3603;71
205;71
2459;71
1650;71
41;71
2722;71
3501;71
1186;70
1992;70
2579;70
3985;70
3281;70
2311;70
1596;70
2422;70
3401;70
2918;70
800;70
1303;70
5708;70
124;70
3686;70
1379;69
3852;69
1049;69
611;69
1101;69
3276;69
1721;69
4538;69
3395;69
550;69
45;69
2440;68
1177;68
2558;68
2452;68
6306;68
502;68
483;68
838;68
3423;68
735;68
3342;68
2461;67
3365;67
2879;67
129;67
3610;67
1398;67
2595;67
1232;67
2776;67
2053;67
3325;66
2391;66
2756;66
140;66
3919;66
2296;66
3573;65
2049;65
3598;65
276;65
2272;65
1572;65
1064;65
2172;65
2211;65
3169;65
2658;64
644;64
2765;64
1807;64
2846;64
756;64
909;64
1339;64
3360;64
952;64
745;64
295;64
3698;64
2133;63
3722;63
3665;63
1494;63
1140;63
1974;63
938;63
21;62
2371;62
677;62
961;62
696;62
149;62
579;62
3023;62
1448;62
1150;62
1608;61
2438;61
4332;61
2920;61
2787;61
4143;61
3671;61
564;61
232;61
1061;61
89;61
1814;61
3866;61
673;60
3415;60
2693;60
2136;60
1615;60
16;60
1245;60
3657;60
2485;60
3828;60
591;59
2312;59
1703;59
105;59
1229;59
3945;59
1209;59
3156;59
177;59
2775;59
3102;59
1072;58
2634;58
3385;58
3404;58
398;58
643;58
852;58
796;57
3062;57
3333;57
1318;57
4204;57
2402;57
3209;57
3139;56
639;56
2215;56
1279;56
876;56
1960;56
3406;56
845;56
421;56
1506;56
387;56
2221;55
2784;55
3033;55
671;55
4386;55
3888;55
3263;55
3082;55
703;55
3013;55
4140;55
2556;54
1171;54
17;54
2820;54
3922;54
2174;54
3561;54
3396;53
2927;53
3314;53
3724;53
3992;53
783;53
1717;52
1657;52
298;52
3025;52
1833;52
3187;52
1968;51
3177;51
2979;51
3857;51
164;51
2152;50
2703;49
6505;49
3334;49
889;49
1156;49
459;49
156;49
1983;49
4534;48
966;48
1573;48
134;48
3958;47
3643;47
736;47
246;46
2832;46
2850;46
215;46
4102;46
934;45
2791;45
3934;45
3105;44
64;44
1387;43
2969;43
906;43
3382;42
308;42
2180;41
3174;41
3911;40
1466;40
3512;40
1060;39
3052;39
2481;39
799;39
4309;38
2573;38
1753;38
3048;38
2392;38
2698;37
2217;36
3490;36
2029;36
620;35
466;34
3816;33
3523;33
4008;33
488;31
2706;31
438;30
3668;30
708;30
1028;30
3103;29
1138;29
4132;29
4090;28
587;28
2449;27
778;27
2900;26
236;26
1033;26
1172;26
3962;25
2852;25
1868;24
2601;24
138;24
3814;23
2777;23
2495;22
262;21
3716;20
1735;20
585;20
3461;19
476;19
672;18
1454;17
869;16
1720;16
2021;16
2300;15
3715;13
3616;13
2892;13
758;12
1430;12
1563;12
727;11
315;11
182;9
